{
    "0.0": {
        "precision": 0.8944510035419126,
        "recall": 0.9800776196636481,
        "f1-score": 0.9353086419753087,
        "support": 3865.0
    },
    "1.0": {
        "precision": 0.863716814159292,
        "recall": 0.5219251336898396,
        "f1-score": 0.6506666666666666,
        "support": 935.0
    },
    "accuracy": 0.8908333333333334,
    "macro avg": {
        "precision": 0.8790839088506024,
        "recall": 0.7510013766767438,
        "f1-score": 0.7929876543209877,
        "support": 4800.0
    },
    "weighted avg": {
        "precision": 0.8884642395684231,
        "recall": 0.8908333333333334,
        "f1-score": 0.8798627572016462,
        "support": 4800.0
    },
    "roc_auc": 0.7510013766767439
}
